longitude,latitude,Presences.Absences
-58,-62,1
-55.371389,-61.220278,1
-44.616,-60.733,1
-54.87,-61.13,1
-55.13,-61.17,1
-45.5,-60.63,1
-46.05,-60.6,1
-54.1,-61.22,1
-45.7,-60.63,1
-61.05,-64.3,1
-60.954722,-64.158889,1
-59.516667,-62.4,1
-58.97,-62.22,1
-57.93,-62.1,1
-57.687222,-64.026944,1
-58.29,-62.183056,1
-59.736111,-62.445555,1
-60.860833,-62.686111,1
-58.671667,-62.243333,1
-58.669444,-62.132778,1
-58.25,-62.08,1
-60.523611,-62.982499,1
-60.723611,-62.9625,1
-60.35,-62.67,1
-60.536925,-62.603042,1
-58.47,-62.05,1
-55.75,-63.25,1
-62.33,-64.28,1
-58.47,-62.22,1
-57.88,-63.82,1
-57.17,-63.45,1
-57.85,-63.43,1
-57.43,-63.42,1
-57,-63.4,1
-58.95,-63.55,1
-56.92,-63.53,1
-62.555735,-64.634699,1
-56.85,-64.2,1
-57.82,-64.12,1
-58.28,-63.92,1
-57.88,-63.92,1
-62.65,-64.48,1
-63.5,-64.58,1
-62.57,-64.05,1
-61.1258,-62.6358,1
-57.288921,-63.799198,1
-59.920339,-62.590106,1
110.526667,-66.281667,1
-62,-64.7,1
98.882132,-66.431255,1
-63.35,-64.825784,1
-63.583877,-64.875873,1
-64.03,-64.8,1
-62.77,-66.53,1
-63.23,-66.25,1
-62.7,-66,1
-64.33,-66.65,1
-63.58,-66.37,1
-62.92,-66.25,1
-61.53,-66.23,1
-66.48,-66.92,1
-62.67,-66.2,1
-64.17,-66.83,1
-62.858073,-64.823581,1
110.68,-66.58,1
-68.15,-67.23,1
-62.871003,-64.717022,1
-63.995982,-65.087311,1
62.866667,-67.823333,1
60.766667,-67.85,1
61.216667,-67.8,1
-68.18,-67.55,1
-63.17,-69.6,1
-63.1,-69.5,1
-64.42,-69.17,1
-65.75,-67.62,1
-67.18,-68.07,1
-68.38,-67.73,1
-70.03,-69.48,1
-67,-67.55,1
-67.03,-68.2,1
-67.5,-67.683,1
-67.188631,-67.835664,1
-71.03,-69.82,1
-71.63,-69.58,1
170,-72,1
23.158194,-72.116611,1
23.346888,-71.947138,1
22.829027,-72.006611,1
-68.57,-71.82,1
-68.43,-70.82,1
-63.23,-71.32,1
-63.82,-70.75,1
-62.12,-71,1
169.77,-72.52,1
-61.7,-70.93,1
169.37,-72.63,1
8.88,-71.55,1
13.57,-71.2,1
-63.27,-70.93,1
-63.83,-70.2,1
-3.25,-71.47,1
-68.28,-71.33,1
-68.25,-71.88,1
-68.55,-72.08,1
-68.62,-70.92,1
-70.18,-70.65,1
-68.37,-71.02,1
-69.27,-70.05,1
-69.68,-70.7,1
-69.47,-70.9,1
-69.58,-70.8,1
163.58333,-74.08333,1
165.13,-74.33,1
-69.65,-75.22,1
-71.08,-75.18,1
164.55,-74.05,1
166.62,-73.58,1
-71.57,-74.85,1
-72.58,-75.13,1
162.5,-75.07,1
-12.33,-75,1
163.16667,-77.58333,1
162.5,-77.83333,1
162.559,-77.006139,1
-145.833333,-77.3,1
-145.333333,-76.85,1
166.733333,-77.8,1
-69.18,-75.88,1
-72.63,-75.43,1
-70.38,-75.95,1
-66.58,-75.45,1
-69.73,-76.23,1
169.38,-77.52,1
-96.6,-80.55,1
21.303386,-80.445929,1
-105.77,-82.6,1
172,-84.41667,1
172.41667,-83.81667,1
-58.63,-83.65,1
